id;onnx_url;license;license_type;commercial_use;tokens_url;vocab_url
wav2vec2-base-960h-int8;https://huggingface.co/onnx-community/wav2vec2-base-960h-ONNX/resolve/main/onnx/model_int8.onnx;https://huggingface.co/datasets/choosealicense/licenses/resolve/main/markdown/apache-2.0.md;apache-2.0;yes;;
wav2vec2-base-960h-fp16;https://huggingface.co/onnx-community/wav2vec2-base-960h-ONNX/resolve/main/onnx/model_fp16.onnx;https://huggingface.co/datasets/choosealicense/licenses/resolve/main/markdown/apache-2.0.md;apache-2.0;yes;;
wav2vec2-base-960h;https://huggingface.co/onnx-community/wav2vec2-base-960h-ONNX/resolve/main/onnx/model.onnx;https://huggingface.co/datasets/choosealicense/licenses/resolve/main/markdown/apache-2.0.md;apache-2.0;yes;;
wav2vec2-base-960h-q4f16;https://huggingface.co/onnx-community/wav2vec2-base-960h-ONNX/resolve/main/onnx/model_q4f16.onnx;https://huggingface.co/datasets/choosealicense/licenses/resolve/main/markdown/apache-2.0.md;apache-2.0;yes;;
mms-300m-1130-forced-aligner-int8;https://huggingface.co/onnx-community/mms-300m-1130-forced-aligner-ONNX/resolve/main/onnx/model_int8.onnx;https://creativecommons.org/licenses/by-nc/4.0/legalcode.txt;cc-by-nc-4.0;no;;https://huggingface.co/onnx-community/mms-300m-1130-forced-aligner-ONNX/resolve/main/vocab.json
mms-300m-1130-forced-aligner-q4f16;https://huggingface.co/onnx-community/mms-300m-1130-forced-aligner-ONNX/resolve/main/onnx/model_q4f16.onnx;https://creativecommons.org/licenses/by-nc/4.0/legalcode.txt;cc-by-nc-4.0;no;;https://huggingface.co/onnx-community/mms-300m-1130-forced-aligner-ONNX/resolve/main/vocab.json
wav2vec2-xlsr-multilingual-56-q4f16;https://huggingface.co/NewComer00/wav2vec2-xlsr-multilingual-56-ONNX/resolve/main/onnx/model_q4f16.onnx;https://huggingface.co/datasets/choosealicense/licenses/resolve/main/markdown/apache-2.0.md;apache-2.0;yes;;https://huggingface.co/NewComer00/wav2vec2-xlsr-multilingual-56-ONNX/resolve/main/vocab.json
wav2vec2-xlsr-multilingual-56-fp16;https://huggingface.co/NewComer00/wav2vec2-xlsr-multilingual-56-ONNX/resolve/main/onnx/model_fp16.onnx;https://huggingface.co/datasets/choosealicense/licenses/resolve/main/markdown/apache-2.0.md;apache-2.0;yes;;https://huggingface.co/NewComer00/wav2vec2-xlsr-multilingual-56-ONNX/resolve/main/vocab.json
wav2vec2-voxpopuli-de-base;https://huggingface.co/darjusul/wav2vec2-ONNX-collection/resolve/main/wav2vec2_onnx_models/de_voxpopuli-asr-base-10k-de/model.onnx;https://huggingface.co/datasets/choosealicense/licenses/resolve/main/markdown/mit.md;mit;yes;;https://huggingface.co/darjusul/wav2vec2-ONNX-collection/resolve/main/wav2vec2_onnx_models/de_voxpopuli-asr-base-10k-de/vocab.json
wav2vec2-voxpopuli-es-base;https://huggingface.co/darjusul/wav2vec2-ONNX-collection/resolve/main/wav2vec2_onnx_models/es_voxpopuli-asr-base-10k-es/model.onnx;https://huggingface.co/datasets/choosealicense/licenses/resolve/main/markdown/mit.md;mit;yes;;https://huggingface.co/darjusul/wav2vec2-ONNX-collection/resolve/main/wav2vec2_onnx_models/es_voxpopuli-asr-base-10k-es/vocab.json
wav2vec2-voxpopuli-fr-base;https://huggingface.co/darjusul/wav2vec2-ONNX-collection/resolve/main/wav2vec2_onnx_models/fr_voxpopuli-asr-base-10k-fr/model.onnx;https://huggingface.co/datasets/choosealicense/licenses/resolve/main/markdown/mit.md;mit;yes;;https://huggingface.co/darjusul/wav2vec2-ONNX-collection/resolve/main/wav2vec2_onnx_models/fr_voxpopuli-asr-base-10k-fr/vocab.json
wav2vec2-voxpopuli-it-base;https://huggingface.co/darjusul/wav2vec2-ONNX-collection/resolve/main/wav2vec2_onnx_models/it_voxpopuli-asr-base-10k-it/model.onnx;https://huggingface.co/datasets/choosealicense/licenses/resolve/main/markdown/mit.md;mit;yes;;https://huggingface.co/darjusul/wav2vec2-ONNX-collection/resolve/main/wav2vec2_onnx_models/it_voxpopuli-asr-base-10k-it/vocab.json
